{"train_steps_per_second":0.506,"train/epoch":3,"train_runtime":4932.917,"eval/tone_conversion_samples_per_second":31.523,"train_samples_per_second":8.087,"train/global_step":2496,"_step":73,"eval/tone_conversion_steps_per_second":1.97,"train_loss":1.760797775708712,"train/grad_norm":0.16310453414916992,"eval/tone_conversion_runtime":4.0605,"total_flos":3.962412139216896e+16,"train/loss":1.6427,"_wandb":{"runtime":4932},"_timestamp":1.740524444164384e+09,"eval/tone_conversion_loss":1.6988980770111084,"train/learning_rate":1.846647932557206e-07,"_runtime":4932.637023637}