{"eval/logits/chosen":-2.7247061729431152,"eval/logits/rejected":-2.736471652984619,"train/logits/rejected":-1.474762201309204,"eval/rewards/rejected":0.03751619905233383,"eval/loss":0.692943274974823,"eval/rewards/margins":0.005749888718128204,"train/rewards/margins":-0.03064054623246193,"train_loss":0.7202576533076224,"train/rewards/accuracies":0.390625,"_step":106,"train/logps/chosen":-105.54345703125,"train_steps_per_second":0.121,"train_samples_per_second":3.865,"train_runtime":7436.7232,"eval/steps_per_second":1.94,"eval/samples_per_second":14.922,"train/rewards/chosen":0.05082721263170242,"eval/rewards/chosen":0.043266091495752335,"eval/rewards/accuracies":0.5192307829856873,"train/logps/rejected":-105.88078308105469,"_timestamp":1.7415621069785538e+09,"train/epoch":2.991652754590985,"eval/logps/chosen":-76.46347045898438,"_runtime":7436.479063796,"train/global_step":897,"train/logits/chosen":-1.3939298391342163,"_wandb":{"runtime":7436},"train/learning_rate":3.901895206243033e-08,"total_flos":0,"eval/logps/rejected":-78.60765075683594,"train/rewards/rejected":0.08146774768829346,"train/grad_norm":271182.8125,"train/loss":0.7099,"eval/runtime":6.7016}