{"train/learning_rate":1.1783610069630424e-07,"train_runtime":3694.9896,"train/global_step":1872,"_timestamp":1.7414780662611408e+09,"train/loss":1.6822,"train/grad_norm":0.10344678163528442,"eval/tone_conversion_loss":1.751173973083496,"eval/tone_conversion_samples_per_second":31.586,"_step":55,"_runtime":3694.486967945,"train_loss":1.814328648086287,"eval/tone_conversion_runtime":4.0524,"_wandb":{"runtime":3694},"train/epoch":3,"train_samples_per_second":8.098,"eval/tone_conversion_steps_per_second":1.974,"total_flos":2.971958089678848e+16,"train_steps_per_second":0.507}