{"eval/tone_conversion_loss":2.678807258605957,"_wandb":{"runtime":347},"train/epoch":0.18028846153846154,"_timestamp":1.7405193866140172e+09,"train/grad_norm":0.11415755748748779,"train/learning_rate":9.41790445604175e-06,"eval/tone_conversion_runtime":4.072,"_runtime":295.155462549,"eval/tone_conversion_steps_per_second":1.965,"train/global_step":150,"eval/tone_conversion_samples_per_second":31.434,"_step":3,"train/loss":2.1882}