{"_timestamp":1.7415542980663009e+09,"train/rewards/margins":-0.05199236422777176,"train/loss":0.7279,"train/logps/chosen":-108.3767318725586,"train/rewards/accuracies":0.4437499940395355,"train/logps/rejected":-108.6181411743164,"train/learning_rate":4.721293199554069e-06,"train/logits/chosen":-1.5018044710159302,"train/global_step":50,"train/logits/rejected":-1.551295518875122,"_wandb":{"runtime":625},"train/rewards/chosen":-0.07625500112771988,"_step":4,"train/epoch":0.1669449081803005,"train/grad_norm":299412.90625,"_runtime":440.809939064,"train/rewards/rejected":-0.02426263317465782}