{"train/logps/chosen":-108.3767318725586,"train/learning_rate":4.721293199554069e-06,"train/global_step":50,"train/rewards/chosen":-0.07625560462474823,"_wandb":{"runtime":544},"train/rewards/rejected":-0.02426278404891491,"train/logps/rejected":-108.6181411743164,"_runtime":266.616466114,"_step":4,"train/rewards/margins":-0.05199282616376877,"train/grad_norm":299413.5,"_timestamp":1.7415535221709602e+09,"train/logits/chosen":-1.5018054246902466,"train/logits/rejected":-1.5512962341308594,"train/rewards/accuracies":0.4437499940395355,"train/epoch":0.1669449081803005,"train/loss":0.7279}